Workbook
Name OC: #REF!
Name OT: #REF!

Sheet Week 1
J2: Employee | AI2: PP # | AJ2: 1
A3: Regular Time | AI3: YEAR | AJ3: 2025
A4: Sun Date Start: | B4: 45781 | C4: Labour Codes: | D4: Job: | E4: Labour Codes: | F4: Job: | G4: Labour Codes: | H4: Job: | I4: Labour Codes: | J4: Job: | K4: Labour Codes: | L4: Job: | M4: Labour Codes: | N4: Job: | O4: Labour Codes: | P4: Job: | Q4: Labour Codes: | R4: Job: | S4: Labour Codes: | T4: Job: | U4: Labour Codes: | V4: Job: | W4: Labour Codes: | X4: Job: | Y4: Labour Codes: | Z4: Job: | AA4: Labour Codes: | AB4: Job: | AC4: Labour Codes: | AD4: Job: | AE4: Labour Codes: | AF4: Job: | AG4: Labour Codes: | AH4: Job: | AI4: Shift Hours | AJ4: Week #1
A5: Sun | B5: =B4 -> 45781 | AI5: =SUMIFS(C5:AH5,C$4:AH$4,"<>Labour Codes:") -> 0 | AJ5: Office Use Only
A6: Mon | B6: =B5+1 -> 45782 | AI6: =SUMIFS(C6:AH6,C$4:AH$4,"<>Labour Codes:") -> 0 | AJ6: Week 1:
A7: Tues | B7: =B6+1 -> 45783 | AI7: =SUMIFS(C7:AH7,C$4:AH$4,"<>Labour Codes:") -> 0 | AJ7: Regular Time: | AK7: {=IFERROR( SUM( _xlfn._xlws.FILTER( C5:AH11, (C4:AH4<>"H") * (ISNUMBER(C12:AH12)) ) ), "" )}
A8: Wed | B8: =B7+1 -> 45784 | AI8: =SUMIFS(C8:AH8,C$4:AH$4,"<>Labour Codes:") -> 0 | AJ8: OT: | AK8: =SUM(W16:X22) -> 0
A9: Thurs | B9: =B8+1 -> 45785 | AI9: =SUMIFS(C9:AH9,C$4:AH$4,"<>Labour Codes:") -> 0 | AJ9: DT: | AK9: =SUM(Y16:Z22) -> 0
A10: Fri | B10: =B9+1 -> 45786 | AI10: =SUMIFS(C10:AH10,C$4:AH$4,"<>Labour Codes:") -> 0 | AJ10: NS: | AK10: =AI13 -> 0
A11: Sat | B11: =B10+1 -> 45787 | AI11: =SUMIFS(C11:AH11,C$4:AH$4,"<>Labour Codes:") -> 0 | AJ11: STAT: | AK11: {=_xlfn.LET( _xlpm.vals, IFERROR(_xlfn._xlws.FILTER(C5:AH11, C4:AH4="H"), 0), IF(SUM(_xlpm.vals)=0, "", SUM(_xlpm.vals)) )}
A12: TOTAL REGULAR | C12: =IF(OR(LEFT(C4,1)="N",,LEFT(C4,1)="L",C4="Service Night"),"", SUM(C5:D11)) | E12: =IF(OR(LEFT(E4,1)="N",,LEFT(E4,1)="L",E4="Service Night"),"", SUM(E5:F11)) | G12: =IF(OR(LEFT(G4,1)="N",,LEFT(G4,1)="L",G4="Service Night"),"", SUM(G5:H11)) | I12: =IF(OR(LEFT(I4,1)="N",,LEFT(I4,1)="L",I4="Service Night"),"", SUM(I5:J11)) | K12: =IF(OR(LEFT(K4,1)="N",,LEFT(K4,1)="L",K4="Service Night"),"", SUM(K5:L11)) | M12: =IF(OR(LEFT(M4,1)="N",,LEFT(M4,1)="L",M4="Service Night"),"", SUM(M5:N11)) | O12: =IF(OR(LEFT(O4,1)="N",,LEFT(O4,1)="L",O4="Service Night"),"", SUM(O5:P11)) | Q12: =IF(OR(LEFT(Q4,1)="N",,LEFT(Q4,1)="L",Q4="Service Night"),"", SUM(Q5:R11)) | S12: =IF(OR(LEFT(S4,1)="N",,LEFT(S4,1)="L",S4="Service Night"),"", SUM(S5:T11)) | U12: =IF(OR(LEFT(U4,1)="N",,LEFT(U4,1)="L",U4="Service Night"),"", SUM(U5:V11)) | W12: =IF(OR(LEFT(W4,1)="N",,LEFT(W4,1)="L",W4="Service Night"),"", SUM(W5:X11)) | Y12: =IF(OR(LEFT(Y4,1)="N",,LEFT(Y4,1)="L",Y4="Service Night"),"", SUM(Y5:Z11)) | AA12: =IF(OR(LEFT(AA4,1)="N",,LEFT(AA4,1)="L",AA4="Service Night"),"", SUM(AA5:AB11)) | AC12: =IF(OR(LEFT(AC4,1)="N",,LEFT(AC4,1)="L",AC4="Service Night"),"", SUM(AC5:AD11)) | AE12: =IF(OR(LEFT(AE4,1)="N",,LEFT(AE4,1)="L",AE4="Service Night"),"", SUM(AE5:AF11)) | AG12: =IF(OR(LEFT(AG4,1)="N",,LEFT(AG4,1)="L",AG4="Service Night"),"", SUM(AG5:AH11)) | AI12: =SUM(C12:AH12) -> 0 | AJ12: On Call: | AK12: =IF(OR(C15="On Call",E15="On Call",G15="On Call",I15="On Call",K15="On Call",M15="On Call",O15="On Call",Q15="On Call",S15="On Call",U15="On Call"), 300, IF(0=0,"",0))
A13: TOTAL NIGHT | C13: =IF(OR(LEFT(C4,1)="N",C4="Service Night"), SUM(C5:D11),"") | E13: =IF(OR(LEFT(E4,1)="N",E4="Service Night"), SUM(E5:F11),"") | G13: =IF(OR(LEFT(G4,1)="N",G4="Service Night"), SUM(G5:H11),"") | I13: =IF(OR(LEFT(I4,1)="N",I4="Service Night"), SUM(I5:J11),"") | K13: =IF(OR(LEFT(K4,1)="N",K4="Service Night"), SUM(K5:L11),"") | M13: =IF(OR(LEFT(M4,1)="N",M4="Service Night"), SUM(M5:N11),"") | O13: =IF(OR(LEFT(O4,1)="N",O4="Service Night"), SUM(O5:P11),"") | Q13: =IF(OR(LEFT(Q4,1)="N",Q4="Service Night"), SUM(Q5:R11),"") | S13: =IF(OR(LEFT(S4,1)="N",S4="Service Night"), SUM(S5:T11),"") | U13: =IF(OR(LEFT(U4,1)="N",U4="Service Night"), SUM(U5:V11),"") | W13: =IF(OR(LEFT(W4,1)="N",W4="Service Night"), SUM(W5:X11),"") | Y13: =IF(OR(LEFT(Y4,1)="N",Y4="Service Night"), SUM(Y5:Z11),"") | AA13: =IF(OR(LEFT(AA4,1)="N",AA4="Service Night"), SUM(AA5:AB11),"") | AC13: =IF(OR(LEFT(AC4,1)="N",AC4="Service Night"), SUM(AC5:AD11),"") | AE13: =IF(OR(LEFT(AE4,1)="N",AE4="Service Night"), SUM(AE5:AF11),"") | AG13: =IF(OR(LEFT(AG4,1)="N",AG4="Service Night"), SUM(AG5:AH11),"") | AI13: =SUM(C13:AH13) -> 0 | AJ13: # of On Call | AK13: {=IF(COUNT(_xlfn._xlws.FILTER(C15:V22,C15:V15="On Call"))*50=0,"",COUNT(_xlfn._xlws.FILTER(C15:V22,C15:V15="On Call"))*50)}
A14: Overtime & Double-Time
A15: Date: | B15: =B4 -> 45781 | C15: Labour Codes: | D15: Job: | E15: Labour Codes: | F15: Job: | G15: Labour Codes: | H15: Job: | I15: Labour Codes: | J15: Job: | K15: Labour Codes: | L15: Job: | M15: Labour Codes: | N15: Job: | O15: Labour Codes: | P15: Job: | Q15: Labour Codes: | R15: Job: | S15: Labour Codes: | T15: Job: | U15: Labour Codes: | V15: Job: | W15: Overtime | Y15: Double-Time | AB15: Work Orders start with Number 2 use labour code Service or Small Job JOBS starts with Number L, 9 or S. Use regular labour codes
A16: Sun | B16: =B5 -> 45781 | W16: =IF(SUM(AI5)=0, MIN(SUMIFS(C16:V16, $C$15:$V$15, "<>Labour Codes:"), 12), MIN(SUMIFS(C16:V16, $C$15:$V$15, "<>Labour Codes:"), 4)) -> 0 | Y16: =SUMIFS(C16:V16,C$15:V$15,"<>Labour Codes:")-W16 -> 0 | AB16: JOB Labour Codes Cable Pull: 201 Head End: 206 Field Devices: 207 Testing/Verification: 223 System Commissioning: 224 System Training: 225 Clean-Up: 226 Travel Time: 227 Forman Supervision: 228 Down Time: 229 Shop Drawings: 394 Warranty: WA Estimating: ES Inhouse Training: TR Lab/Office: RP Vacation: VP Sick: S STAT: H
A17: Mon | B17: =B6 -> 45782 | W17: =IF(SUM(AI6)=0, MIN(SUMIFS(C17:V17, $C$15:$V$15, "<>Labour Codes:"), 12), MIN(SUMIFS(C17:V17, $C$15:$V$15, "<>Labour Codes:"), 4)) -> 0 | Y17: =SUMIFS(C17:V17,C$15:V$15,"<>Labour Codes:")-W17 -> 0
A18: Tues | B18: =B7 -> 45783 | W18: =IF(SUM(AI7)=0, MIN(SUMIFS(C18:V18, $C$15:$V$15, "<>Labour Codes:"), 12), MIN(SUMIFS(C18:V18, $C$15:$V$15, "<>Labour Codes:"), 4)) -> 0 | Y18: =SUMIFS(C18:V18,C$15:V$15,"<>Labour Codes:")-W18 -> 0
A19: Wed | B19: =B8 -> 45784 | W19: =IF(SUM(AI8)=0, MIN(SUMIFS(C19:V19, $C$15:$V$15, "<>Labour Codes:"), 12), MIN(SUMIFS(C19:V19, $C$15:$V$15, "<>Labour Codes:"), 4)) -> 0 | Y19: =SUMIFS(C19:V19,C$15:V$15,"<>Labour Codes:")-W19 -> 0
A20: Thurs | B20: =B9 -> 45785 | W20: =IF(SUM(AI9)=0, MIN(SUMIFS(C20:V20, $C$15:$V$15, "<>Labour Codes:"), 12), MIN(SUMIFS(C20:V20, $C$15:$V$15, "<>Labour Codes:"), 4)) -> 0 | Y20: =SUMIFS(C20:V20,C$15:V$15,"<>Labour Codes:")-W20 -> 0
A21: Fri | B21: =B10 -> 45786 | W21: =IF(SUM(AI10)=0, MIN(SUMIFS(C21:V21, $C$15:$V$15, "<>Labour Codes:"), 12), MIN(SUMIFS(C21:V21, $C$15:$V$15, "<>Labour Codes:"), 4)) -> 0 | Y21: =SUMIFS(C21:V21,C$15:V$15,"<>Labour Codes:")-W21 -> 0
A22: Sat | B22: =B11 -> 45787 | W22: =IF(SUM(AI11)=0, MIN(SUMIFS(C22:V22, $C$15:$V$15, "<>Labour Codes:"), 12), MIN(SUMIFS(C22:V22, $C$15:$V$15, "<>Labour Codes:"), 4)) -> 0 | Y22: =SUMIFS(C22:V22,C$15:V$15,"<>Labour Codes:")-W22 -> 0
A23: TOTAL OVERTIME | C23: =IF(AND(LEFT(C15,1) <> "N",LEFT(C15,3) <> "Lab"),SUM(C16:D22),"") | E23: =IF(AND(LEFT(E15,1) <> "N",LEFT(E15,3) <> "Lab"),SUM(E16:F22),"") | G23: =IF(AND(LEFT(G15,1) <> "N",LEFT(G15,3) <> "Lab"),SUM(G16:H22),"") | I23: =IF(AND(LEFT(I15,1) <> "N",LEFT(I15,3) <> "Lab"),SUM(I16:J22),"") | K23: =IF(AND(LEFT(K15,1) <> "N",LEFT(K15,3) <> "Lab"),SUM(K16:L22),"") | M23: =IF(AND(LEFT(M15,1) <> "N",LEFT(M15,3) <> "Lab"),SUM(M16:N22),"") | O23: =IF(AND(LEFT(O15,1) <> "N",LEFT(O15,3) <> "Lab"),SUM(O16:P22),"") | Q23: =IF(AND(LEFT(Q15,1) <> "N",LEFT(Q15,3) <> "Lab"),SUM(Q16:R22),"") | S23: =IF(AND(LEFT(S15,1) <> "N",LEFT(S15,3) <> "Lab"),SUM(S16:T22),"") | U23: =IF(AND(LEFT(U15,1) <> "N",LEFT(U15,3) <> "Lab"),SUM(U16:V22),"") | W23: =SUM(W16:X22) -> 0 | Y23: =SUM(Y16:Z22) -> 0
A24: Approved by:
A25: Note:
A26: * All overtime must be approved by the Project Manager.
A27: * If you are requiring JOB or Work Order numbers please contact the operations team.
A28: * Regular working hours are 7:30am to 4:00pm with 30 min lunch break at 12:30pm. You will need pror appoval if you want to alter this. | AB28: On Call: all on calls must be in OT section. For calls on Sunday, put hours to Saturday
A29: * Night shift applies to the full shift, not by hours. If more than HALF of the work hours in a day falls outside of our regular hours, you will receive 8 hours night shift.
A30: * Examples: 1PM-930PM (8 hours NIGHT shift). 5AM-130PM (8 hours DAY shift)

Sheet Week 2
J2: Employee | M2: ='Week 1'!M2 -> 0 | AI2: PP # | AJ2: ='Week 1'!AJ2 -> 1
A3: Regular Time | AI3: YEAR | AJ3: ='Week 1'!AJ3 -> 2025
A4: Sun Date Start: | B4: =('Week 1'!B11)+1 -> 45788 | C4: Labour Codes: | D4: Job: | E4: Labour Codes: | F4: Job: | G4: Labour Codes: | H4: Job: | I4: Labour Codes: | J4: Job: | K4: Labour Codes: | L4: Job: | M4: Labour Codes: | N4: Job: | O4: Labour Codes: | P4: Job: | Q4: Labour Codes: | R4: Job: | S4: Labour Codes: | T4: Job: | U4: Labour Codes: | V4: Job: | W4: Labour Codes: | X4: Job: | Y4: Labour Codes: | Z4: Job: | AA4: Labour Codes: | AB4: Job: | AC4: Labour Codes: | AD4: Job: | AE4: Labour Codes: | AF4: Job: | AG4: Labour Codes: | AH4: Job: | AI4: Shift Hours | AJ4: Week #2
A5: Sun | B5: =B4 -> 45788 | AI5: =SUMIFS(C5:AH5,C$4:AH$4,"<>Labour Codes:") -> 0 | AJ5: Office Use Only
A6: Mon | B6: =B5+1 -> 45789 | AI6: =SUMIFS(C6:AH6,C$4:AH$4,"<>Labour Codes:") -> 0 | AJ6: Week 2:
A7: Tues | B7: =B6+1 -> 45790 | AI7: =SUMIFS(C7:AH7,C$4:AH$4,"<>Labour Codes:") -> 0 | AJ7: Regular Time: | AK7: {=IFERROR( SUM( _xlfn._xlws.FILTER( C5:AH11, (C4:AH4<>"H") * (ISNUMBER(C12:AH12)) ) ), "" )}
A8: Wed | B8: =B7+1 -> 45791 | AI8: =SUMIFS(C8:AH8,C$4:AH$4,"<>Labour Codes:") -> 0 | AJ8: OT: | AK8: =SUM(W16:X22) -> 0
A9: Thurs | B9: =B8+1 -> 45792 | AI9: =SUMIFS(C9:AH9,C$4:AH$4,"<>Labour Codes:") -> 0 | AJ9: DT: | AK9: =SUM(Y16:Z22) -> 0
A10: Fri | B10: =B9+1 -> 45793 | AI10: =SUMIFS(C10:AH10,C$4:AH$4,"<>Labour Codes:") -> 0 | AJ10: NS: | AK10: =AI13 -> 0
A11: Sat | B11: =B10+1 -> 45794 | AI11: =SUMIFS(C11:AH11,C$4:AH$4,"<>Labour Codes:") -> 0 | AJ11: STAT: | AK11: {=_xlfn.LET( _xlpm.vals, IFERROR(_xlfn._xlws.FILTER(C5:AH11, C4:AH4="H"), 0), IF(SUM(_xlpm.vals)=0, "", SUM(_xlpm.vals)) )}
A12: TOTAL REGULAR | C12: =IF(OR(LEFT(C4,1)="N",,LEFT(C4,1)="L",C4="Service Night"),"", SUM(C5:D11)) | E12: =IF(OR(LEFT(E4,1)="N",,LEFT(E4,1)="L",E4="Service Night"),"", SUM(E5:F11)) | G12: =IF(OR(LEFT(G4,1)="N",,LEFT(G4,1)="L",G4="Service Night"),"", SUM(G5:H11)) | I12: =IF(OR(LEFT(I4,1)="N",,LEFT(I4,1)="L",I4="Service Night"),"", SUM(I5:J11)) | K12: =IF(OR(LEFT(K4,1)="N",,LEFT(K4,1)="L",K4="Service Night"),"", SUM(K5:L11)) | M12: =IF(OR(LEFT(M4,1)="N",,LEFT(M4,1)="L",M4="Service Night"),"", SUM(M5:N11)) | O12: =IF(OR(LEFT(O4,1)="N",,LEFT(O4,1)="L",O4="Service Night"),"", SUM(O5:P11)) | Q12: =IF(OR(LEFT(Q4,1)="N",,LEFT(Q4,1)="L",Q4="Service Night"),"", SUM(Q5:R11)) | S12: =IF(OR(LEFT(S4,1)="N",,LEFT(S4,1)="L",S4="Service Night"),"", SUM(S5:T11)) | U12: =IF(OR(LEFT(U4,1)="N",,LEFT(U4,1)="L",U4="Service Night"),"", SUM(U5:V11)) | W12: =IF(OR(LEFT(W4,1)="N",,LEFT(W4,1)="L",W4="Service Night"),"", SUM(W5:X11)) | Y12: =IF(OR(LEFT(Y4,1)="N",,LEFT(Y4,1)="L",Y4="Service Night"),"", SUM(Y5:Z11)) | AA12: =IF(OR(LEFT(AA4,1)="N",,LEFT(AA4,1)="L",AA4="Service Night"),"", SUM(AA5:AB11)) | AC12: =IF(OR(LEFT(AC4,1)="N",,LEFT(AC4,1)="L",AC4="Service Night"),"", SUM(AC5:AD11)) | AE12: =IF(OR(LEFT(AE4,1)="N",,LEFT(AE4,1)="L",AE4="Service Night"),"", SUM(AE5:AF11)) | AG12: =IF(OR(LEFT(AG4,1)="N",,LEFT(AG4,1)="L",AG4="Service Night"),"", SUM(AG5:AH11)) | AI12: =SUM(C12:AH12) -> 0 | AJ12: On Call: | AK12: =IF(OR(C15="On Call",E15="On Call",G15="On Call",I15="On Call",K15="On Call",M15="On Call",O15="On Call",Q15="On Call",S15="On Call",U15="On Call"), 300, IF(0=0,"",0))
A13: TOTAL NIGHT | C13: =IF(OR(LEFT(C4,1)="N",C4="Service Night"), SUM(C5:D11),"") | E13: =IF(OR(LEFT(E4,1)="N",E4="Service Night"), SUM(E5:F11),"") | G13: =IF(OR(LEFT(G4,1)="N",G4="Service Night"), SUM(G5:H11),"") | I13: =IF(OR(LEFT(I4,1)="N",I4="Service Night"), SUM(I5:J11),"") | K13: =IF(OR(LEFT(K4,1)="N",K4="Service Night"), SUM(K5:L11),"") | M13: =IF(OR(LEFT(M4,1)="N",M4="Service Night"), SUM(M5:N11),"") | O13: =IF(OR(LEFT(O4,1)="N",O4="Service Night"), SUM(O5:P11),"") | Q13: =IF(OR(LEFT(Q4,1)="N",Q4="Service Night"), SUM(Q5:R11),"") | S13: =IF(OR(LEFT(S4,1)="N",S4="Service Night"), SUM(S5:T11),"") | U13: =IF(OR(LEFT(U4,1)="N",U4="Service Night"), SUM(U5:V11),"") | W13: =IF(OR(LEFT(W4,1)="N",W4="Service Night"), SUM(W5:X11),"") | Y13: =IF(OR(LEFT(Y4,1)="N",Y4="Service Night"), SUM(Y5:Z11),"") | AA13: =IF(OR(LEFT(AA4,1)="N",AA4="Service Night"), SUM(AA5:AB11),"") | AC13: =IF(OR(LEFT(AC4,1)="N",AC4="Service Night"), SUM(AC5:AD11),"") | AE13: =IF(OR(LEFT(AE4,1)="N",AE4="Service Night"), SUM(AE5:AF11),"") | AG13: =IF(OR(LEFT(AG4,1)="N",AG4="Service Night"), SUM(AG5:AH11),"") | AI13: =SUM(C13:AH13) -> 0 | AJ13: # of On Call | AK13: {=IF(COUNT(_xlfn._xlws.FILTER(C15:V22,C15:V15="On Call"))*50=0,"",COUNT(_xlfn._xlws.FILTER(C15:V22,C15:V15="On Call"))*50)}
A14: Overtime & Double-Time
A15: Date: | B15: =B4 -> 45788 | C15: Labour Codes: | D15: Job: | E15: Labour Codes: | F15: Job: | G15: Labour Codes: | H15: Job: | I15: Labour Codes: | J15: Job: | K15: Labour Codes: | L15: Job: | M15: Labour Codes: | N15: Job: | O15: Labour Codes: | P15: Job: | Q15: Labour Codes: | R15: Job: | S15: Labour Codes: | T15: Job: | U15: Labour Codes: | V15: Job: | W15: Overtime | Y15: Double-Time | AB15: Work Orders start with Number 2 use labour code Service or Small Job JOBS starts with Number L, 9 or S. Use regular labour codes
A16: Sun | B16: =B5 -> 45788 | W16: =IF(SUM(AI5)=0, MIN(SUMIFS(C16:V16, $C$15:$V$15, "<>Labour Codes:"), 12), MIN(SUMIFS(C16:V16, $C$15:$V$15, "<>Labour Codes:"), 4)) -> 0 | Y16: =SUMIFS(C16:V16,C$15:V$15,"<>Labour Codes:")-W16 -> 0 | AB16: JOB Labour Codes Cable Pull: 201 Head End: 206 Field Devices: 207 Testing/Verification: 223 System Commissioning: 224 System Training: 225 Clean-Up: 226 Travel Time: 227 Forman Supervision: 228 Down Time: 229 Shop Drawings: 394 Warranty: WA Estimating: ES Inhouse Training: TR Lab/Office: RP Vacation: VP Sick: S STAT: H
A17: Mon | B17: =B6 -> 45789 | W17: =IF(SUM(AI6)=0, MIN(SUMIFS(C17:V17, $C$15:$V$15, "<>Labour Codes:"), 12), MIN(SUMIFS(C17:V17, $C$15:$V$15, "<>Labour Codes:"), 4)) -> 0 | Y17: =SUMIFS(C17:V17,C$15:V$15,"<>Labour Codes:")-W17 -> 0 | AJ17: Office Use Only
A18: Tues | B18: =B7 -> 45790 | W18: =IF(SUM(AI7)=0, MIN(SUMIFS(C18:V18, $C$15:$V$15, "<>Labour Codes:"), 12), MIN(SUMIFS(C18:V18, $C$15:$V$15, "<>Labour Codes:"), 4)) -> 0 | Y18: =SUMIFS(C18:V18,C$15:V$15,"<>Labour Codes:")-W18 -> 0 | AJ18: Totals:
A19: Wed | B19: =B8 -> 45791 | W19: =IF(SUM(AI8)=0, MIN(SUMIFS(C19:V19, $C$15:$V$15, "<>Labour Codes:"), 12), MIN(SUMIFS(C19:V19, $C$15:$V$15, "<>Labour Codes:"), 4)) -> 0 | Y19: =SUMIFS(C19:V19,C$15:V$15,"<>Labour Codes:")-W19 -> 0 | AJ19: Regular Time: | AK19: {=IFERROR(SUM( IF(ISNUMBER('Week 1'!AK7:AL7),'Week 1'!AK7:AL7,0), IF(ISNUMBER('Week 2'!AK7:AL7),'Week 2'!AK7:AL7,0) ),"")} -> 0
A20: Thurs | B20: =B9 -> 45792 | W20: =IF(SUM(AI9)=0, MIN(SUMIFS(C20:V20, $C$15:$V$15, "<>Labour Codes:"), 12), MIN(SUMIFS(C20:V20, $C$15:$V$15, "<>Labour Codes:"), 4)) -> 0 | Y20: =SUMIFS(C20:V20,C$15:V$15,"<>Labour Codes:")-W20 -> 0 | AJ20: OT: | AK20: ='Week 1'!AK8:AL8+AK8 -> 0
A21: Fri | B21: =B10 -> 45793 | W21: =IF(SUM(AI10)=0, MIN(SUMIFS(C21:V21, $C$15:$V$15, "<>Labour Codes:"), 12), MIN(SUMIFS(C21:V21, $C$15:$V$15, "<>Labour Codes:"), 4)) -> 0 | Y21: =SUMIFS(C21:V21,C$15:V$15,"<>Labour Codes:")-W21 -> 0 | AJ21: DT: | AK21: ='Week 1'!AK9:AL9+AK9 -> 0
A22: Sat | B22: =B11 -> 45794 | W22: =IF(SUM(AI11)=0, MIN(SUMIFS(C22:V22, $C$15:$V$15, "<>Labour Codes:"), 12), MIN(SUMIFS(C22:V22, $C$15:$V$15, "<>Labour Codes:"), 4)) -> 0 | Y22: =SUMIFS(C22:V22,C$15:V$15,"<>Labour Codes:")-W22 -> 0 | AJ22: NS: | AK22: ='Week 1'!AK10:AL10+AK10 -> 0
A23: TOTAL OVERTIME | C23: =IF(AND(LEFT(C15,1) <> "N",LEFT(C15,3) <> "Lab"),SUM(C16:D22),"") | E23: =IF(AND(LEFT(E15,1) <> "N",LEFT(E15,3) <> "Lab"),SUM(E16:F22),"") | G23: =IF(AND(LEFT(G15,1) <> "N",LEFT(G15,3) <> "Lab"),SUM(G16:H22),"") | I23: =IF(AND(LEFT(I15,1) <> "N",LEFT(I15,3) <> "Lab"),SUM(I16:J22),"") | K23: =IF(AND(LEFT(K15,1) <> "N",LEFT(K15,3) <> "Lab"),SUM(K16:L22),"") | M23: =IF(AND(LEFT(M15,1) <> "N",LEFT(M15,3) <> "Lab"),SUM(M16:N22),"") | O23: =IF(AND(LEFT(O15,1) <> "N",LEFT(O15,3) <> "Lab"),SUM(O16:P22),"") | Q23: =IF(AND(LEFT(Q15,1) <> "N",LEFT(Q15,3) <> "Lab"),SUM(Q16:R22),"") | S23: =IF(AND(LEFT(S15,1) <> "N",LEFT(S15,3) <> "Lab"),SUM(S16:T22),"") | U23: =IF(AND(LEFT(U15,1) <> "N",LEFT(U15,3) <> "Lab"),SUM(U16:V22),"") | W23: =SUM(W16:X22) -> 0 | Y23: =SUM(Y16:Z22) -> 0 | AJ23: STAT: | AK23: =IF(SUM('Week 1'!AK11:AL11, AK11)=0, "", SUM('Week 1'!AK11:AL11, AK11))
A24: Approved by: | AJ24: On Call: | AK24: =IFERROR( IF( IF('Week 1'!AK12="",0,'Week 1'!AK12) + IF(AK12="",0,AK12)=0, "", IF('Week 1'!AK12="",0,'Week 1'!AK12) + IF(AK12="",0,AK12) ), "" )
A25: Note: | AJ25: # of On Call | AK25: =IFERROR( IF( IF('Week 1'!AK13="",0,'Week 1'!AK13) + IF(AK13="",0,AK13)=0, "", IF('Week 1'!AK13="",0,'Week 1'!AK13) + IF(AK13="",0,AK13) ), "" )
A26: * All overtime must be approved by the Project Manager.
A27: * If you are requiring JOB or Work Order numbers please contact the operations team.
A28: * Regular working hours are 7:30am to 4:00pm with 30 min lunch break at 12:30pm. You will need pror appoval if you want to alter this. | AB28: On Call: all on calls must be in OT section. For calls on Sunday, put hours to Saturday
A29: * Night shift applies to the full shift, not by hours. If more than HALF of the work hours in a day falls outside of our regular hours, you will receive 8 hours night shift.
A30: * Examples: 1PM-930PM (8 hours NIGHT shift). 5AM-130PM (8 hours DAY shift)
